file_name,rep_id,window_id,group_id,true_label_id,pred_label_id,true_label,pred_label
inferiorpincer_person3_rep06.jsonl,6,1,inferiorpincer_person3_rep06,0,0,inferiorpincer,inferiorpincer
inferiorpincer_person3_rep06.jsonl,6,2,inferiorpincer_person3_rep06,0,0,inferiorpincer,inferiorpincer
inferiorpincer_person3_rep06.jsonl,6,3,inferiorpincer_person3_rep06,0,0,inferiorpincer,inferiorpincer
inferiorpincer_person3_rep06.jsonl,6,4,inferiorpincer_person3_rep06,0,0,inferiorpincer,inferiorpincer
inferiorpincer_person3_rep06.jsonl,6,5,inferiorpincer_person3_rep06,0,0,inferiorpincer,inferiorpincer
inferiorpincer_person3_rep06.jsonl,6,6,inferiorpincer_person3_rep06,0,0,inferiorpincer,inferiorpincer
inferiorpincer_person3_rep06.jsonl,6,7,inferiorpincer_person3_rep06,0,0,inferiorpincer,inferiorpincer
inferiorpincer_person3_rep06.jsonl,6,8,inferiorpincer_person3_rep06,0,0,inferiorpincer,inferiorpincer
inferiorpincer_person3_rep06.jsonl,6,9,inferiorpincer_person3_rep06,0,0,inferiorpincer,inferiorpincer
inferiorpincer_person3_rep06.jsonl,6,10,inferiorpincer_person3_rep06,0,0,inferiorpincer,inferiorpincer
inferiorpincer_person3_rep06.jsonl,6,11,inferiorpincer_person3_rep06,0,0,inferiorpincer,inferiorpincer
inferiorpincer_person3_rep06.jsonl,6,12,inferiorpincer_person3_rep06,0,0,inferiorpincer,inferiorpincer
inferiorpincer_person3_rep06.jsonl,6,13,inferiorpincer_person3_rep06,0,0,inferiorpincer,inferiorpincer
inferiorpincer_person3_rep06.jsonl,6,14,inferiorpincer_person3_rep06,0,0,inferiorpincer,inferiorpincer
inferiorpincer_person3_rep06.jsonl,6,15,inferiorpincer_person3_rep06,0,0,inferiorpincer,inferiorpincer
inferiorpincer_person3_rep10.jsonl,10,1,inferiorpincer_person3_rep10,0,0,inferiorpincer,inferiorpincer
inferiorpincer_person3_rep10.jsonl,10,2,inferiorpincer_person3_rep10,0,0,inferiorpincer,inferiorpincer
inferiorpincer_person3_rep10.jsonl,10,3,inferiorpincer_person3_rep10,0,0,inferiorpincer,inferiorpincer
inferiorpincer_person3_rep10.jsonl,10,4,inferiorpincer_person3_rep10,0,0,inferiorpincer,inferiorpincer
inferiorpincer_person3_rep10.jsonl,10,5,inferiorpincer_person3_rep10,0,0,inferiorpincer,inferiorpincer
inferiorpincer_person3_rep10.jsonl,10,6,inferiorpincer_person3_rep10,0,0,inferiorpincer,inferiorpincer
inferiorpincer_person3_rep10.jsonl,10,7,inferiorpincer_person3_rep10,0,0,inferiorpincer,inferiorpincer
inferiorpincer_person3_rep10.jsonl,10,8,inferiorpincer_person3_rep10,0,0,inferiorpincer,inferiorpincer
inferiorpincer_person3_rep10.jsonl,10,9,inferiorpincer_person3_rep10,0,0,inferiorpincer,inferiorpincer
inferiorpincer_person3_rep10.jsonl,10,10,inferiorpincer_person3_rep10,0,0,inferiorpincer,inferiorpincer
inferiorpincer_person3_rep10.jsonl,10,11,inferiorpincer_person3_rep10,0,0,inferiorpincer,inferiorpincer
inferiorpincer_person3_rep10.jsonl,10,12,inferiorpincer_person3_rep10,0,0,inferiorpincer,inferiorpincer
inferiorpincer_person3_rep10.jsonl,10,13,inferiorpincer_person3_rep10,0,0,inferiorpincer,inferiorpincer
inferiorpincer_person3_rep10.jsonl,10,14,inferiorpincer_person3_rep10,0,0,inferiorpincer,inferiorpincer
inferiorpincer_person3_rep10.jsonl,10,15,inferiorpincer_person3_rep10,0,0,inferiorpincer,inferiorpincer
inferiorpincer_person3_rep15.jsonl,15,1,inferiorpincer_person3_rep15,0,0,inferiorpincer,inferiorpincer
inferiorpincer_person3_rep15.jsonl,15,2,inferiorpincer_person3_rep15,0,0,inferiorpincer,inferiorpincer
inferiorpincer_person3_rep15.jsonl,15,3,inferiorpincer_person3_rep15,0,0,inferiorpincer,inferiorpincer
inferiorpincer_person3_rep15.jsonl,15,4,inferiorpincer_person3_rep15,0,0,inferiorpincer,inferiorpincer
inferiorpincer_person3_rep15.jsonl,15,5,inferiorpincer_person3_rep15,0,0,inferiorpincer,inferiorpincer
inferiorpincer_person3_rep15.jsonl,15,6,inferiorpincer_person3_rep15,0,0,inferiorpincer,inferiorpincer
inferiorpincer_person3_rep15.jsonl,15,7,inferiorpincer_person3_rep15,0,0,inferiorpincer,inferiorpincer
inferiorpincer_person3_rep15.jsonl,15,8,inferiorpincer_person3_rep15,0,0,inferiorpincer,inferiorpincer
inferiorpincer_person3_rep15.jsonl,15,9,inferiorpincer_person3_rep15,0,0,inferiorpincer,inferiorpincer
inferiorpincer_person3_rep15.jsonl,15,10,inferiorpincer_person3_rep15,0,0,inferiorpincer,inferiorpincer
inferiorpincer_person3_rep15.jsonl,15,11,inferiorpincer_person3_rep15,0,0,inferiorpincer,inferiorpincer
inferiorpincer_person3_rep15.jsonl,15,12,inferiorpincer_person3_rep15,0,0,inferiorpincer,inferiorpincer
inferiorpincer_person3_rep15.jsonl,15,13,inferiorpincer_person3_rep15,0,0,inferiorpincer,inferiorpincer
inferiorpincer_person3_rep15.jsonl,15,14,inferiorpincer_person3_rep15,0,0,inferiorpincer,inferiorpincer
inferiorpincer_person3_rep15.jsonl,15,15,inferiorpincer_person3_rep15,0,0,inferiorpincer,inferiorpincer
inferiorpincer_person6_rep17.jsonl,17,1,inferiorpincer_person6_rep17,0,0,inferiorpincer,inferiorpincer
inferiorpincer_person6_rep17.jsonl,17,2,inferiorpincer_person6_rep17,0,0,inferiorpincer,inferiorpincer
inferiorpincer_person6_rep17.jsonl,17,3,inferiorpincer_person6_rep17,0,0,inferiorpincer,inferiorpincer
inferiorpincer_person6_rep17.jsonl,17,4,inferiorpincer_person6_rep17,0,0,inferiorpincer,inferiorpincer
inferiorpincer_person6_rep17.jsonl,17,5,inferiorpincer_person6_rep17,0,0,inferiorpincer,inferiorpincer
inferiorpincer_person6_rep17.jsonl,17,6,inferiorpincer_person6_rep17,0,0,inferiorpincer,inferiorpincer
inferiorpincer_person6_rep17.jsonl,17,7,inferiorpincer_person6_rep17,0,0,inferiorpincer,inferiorpincer
inferiorpincer_person6_rep17.jsonl,17,8,inferiorpincer_person6_rep17,0,0,inferiorpincer,inferiorpincer
inferiorpincer_person6_rep17.jsonl,17,9,inferiorpincer_person6_rep17,0,0,inferiorpincer,inferiorpincer
inferiorpincer_person6_rep17.jsonl,17,10,inferiorpincer_person6_rep17,0,0,inferiorpincer,inferiorpincer
inferiorpincer_person6_rep17.jsonl,17,11,inferiorpincer_person6_rep17,0,0,inferiorpincer,inferiorpincer
inferiorpincer_person6_rep17.jsonl,17,12,inferiorpincer_person6_rep17,0,0,inferiorpincer,inferiorpincer
inferiorpincer_person6_rep17.jsonl,17,13,inferiorpincer_person6_rep17,0,0,inferiorpincer,inferiorpincer
inferiorpincer_person6_rep17.jsonl,17,14,inferiorpincer_person6_rep17,0,0,inferiorpincer,inferiorpincer
inferiorpincer_person6_rep17.jsonl,17,15,inferiorpincer_person6_rep17,0,0,inferiorpincer,inferiorpincer
palmar_person3_rep07.jsonl,7,1,palmar_person3_rep07,1,1,palmar,palmar
palmar_person3_rep07.jsonl,7,2,palmar_person3_rep07,1,1,palmar,palmar
palmar_person3_rep07.jsonl,7,3,palmar_person3_rep07,1,1,palmar,palmar
palmar_person3_rep07.jsonl,7,4,palmar_person3_rep07,1,1,palmar,palmar
palmar_person3_rep07.jsonl,7,5,palmar_person3_rep07,1,1,palmar,palmar
palmar_person3_rep07.jsonl,7,6,palmar_person3_rep07,1,1,palmar,palmar
palmar_person3_rep07.jsonl,7,7,palmar_person3_rep07,1,1,palmar,palmar
palmar_person3_rep07.jsonl,7,8,palmar_person3_rep07,1,1,palmar,palmar
palmar_person3_rep07.jsonl,7,9,palmar_person3_rep07,1,1,palmar,palmar
palmar_person3_rep07.jsonl,7,10,palmar_person3_rep07,1,1,palmar,palmar
palmar_person3_rep07.jsonl,7,11,palmar_person3_rep07,1,1,palmar,palmar
palmar_person3_rep07.jsonl,7,12,palmar_person3_rep07,1,1,palmar,palmar
palmar_person3_rep07.jsonl,7,13,palmar_person3_rep07,1,1,palmar,palmar
palmar_person3_rep07.jsonl,7,14,palmar_person3_rep07,1,1,palmar,palmar
palmar_person3_rep07.jsonl,7,15,palmar_person3_rep07,1,1,palmar,palmar
palmar_person3_rep10.jsonl,10,1,palmar_person3_rep10,1,1,palmar,palmar
palmar_person3_rep10.jsonl,10,2,palmar_person3_rep10,1,1,palmar,palmar
palmar_person3_rep10.jsonl,10,3,palmar_person3_rep10,1,1,palmar,palmar
palmar_person3_rep10.jsonl,10,4,palmar_person3_rep10,1,1,palmar,palmar
palmar_person3_rep10.jsonl,10,5,palmar_person3_rep10,1,1,palmar,palmar
palmar_person3_rep10.jsonl,10,6,palmar_person3_rep10,1,1,palmar,palmar
palmar_person3_rep10.jsonl,10,7,palmar_person3_rep10,1,1,palmar,palmar
palmar_person3_rep10.jsonl,10,8,palmar_person3_rep10,1,1,palmar,palmar
palmar_person3_rep10.jsonl,10,9,palmar_person3_rep10,1,1,palmar,palmar
palmar_person3_rep10.jsonl,10,10,palmar_person3_rep10,1,1,palmar,palmar
palmar_person3_rep10.jsonl,10,11,palmar_person3_rep10,1,1,palmar,palmar
palmar_person3_rep10.jsonl,10,12,palmar_person3_rep10,1,1,palmar,palmar
palmar_person3_rep10.jsonl,10,13,palmar_person3_rep10,1,1,palmar,palmar
palmar_person3_rep10.jsonl,10,14,palmar_person3_rep10,1,1,palmar,palmar
palmar_person3_rep10.jsonl,10,15,palmar_person3_rep10,1,1,palmar,palmar
palmar_person3_rep11.jsonl,11,1,palmar_person3_rep11,1,1,palmar,palmar
palmar_person3_rep11.jsonl,11,2,palmar_person3_rep11,1,1,palmar,palmar
palmar_person3_rep11.jsonl,11,3,palmar_person3_rep11,1,1,palmar,palmar
palmar_person3_rep11.jsonl,11,4,palmar_person3_rep11,1,1,palmar,palmar
palmar_person3_rep11.jsonl,11,5,palmar_person3_rep11,1,1,palmar,palmar
palmar_person3_rep11.jsonl,11,6,palmar_person3_rep11,1,1,palmar,palmar
palmar_person3_rep11.jsonl,11,7,palmar_person3_rep11,1,1,palmar,palmar
palmar_person3_rep11.jsonl,11,8,palmar_person3_rep11,1,1,palmar,palmar
palmar_person3_rep11.jsonl,11,9,palmar_person3_rep11,1,1,palmar,palmar
palmar_person3_rep11.jsonl,11,10,palmar_person3_rep11,1,1,palmar,palmar
palmar_person3_rep11.jsonl,11,11,palmar_person3_rep11,1,1,palmar,palmar
palmar_person3_rep11.jsonl,11,12,palmar_person3_rep11,1,1,palmar,palmar
palmar_person3_rep11.jsonl,11,13,palmar_person3_rep11,1,1,palmar,palmar
palmar_person3_rep11.jsonl,11,14,palmar_person3_rep11,1,1,palmar,palmar
palmar_person3_rep11.jsonl,11,15,palmar_person3_rep11,1,1,palmar,palmar
palmar_person4_rep04.jsonl,4,1,palmar_person4_rep04,1,1,palmar,palmar
palmar_person4_rep04.jsonl,4,2,palmar_person4_rep04,1,1,palmar,palmar
palmar_person4_rep04.jsonl,4,3,palmar_person4_rep04,1,1,palmar,palmar
palmar_person4_rep04.jsonl,4,4,palmar_person4_rep04,1,1,palmar,palmar
palmar_person4_rep04.jsonl,4,5,palmar_person4_rep04,1,1,palmar,palmar
palmar_person4_rep04.jsonl,4,6,palmar_person4_rep04,1,1,palmar,palmar
palmar_person4_rep04.jsonl,4,7,palmar_person4_rep04,1,1,palmar,palmar
palmar_person4_rep04.jsonl,4,8,palmar_person4_rep04,1,1,palmar,palmar
palmar_person4_rep04.jsonl,4,9,palmar_person4_rep04,1,1,palmar,palmar
palmar_person4_rep04.jsonl,4,10,palmar_person4_rep04,1,1,palmar,palmar
palmar_person4_rep04.jsonl,4,11,palmar_person4_rep04,1,1,palmar,palmar
palmar_person4_rep04.jsonl,4,12,palmar_person4_rep04,1,1,palmar,palmar
palmar_person4_rep04.jsonl,4,13,palmar_person4_rep04,1,1,palmar,palmar
palmar_person4_rep04.jsonl,4,14,palmar_person4_rep04,1,1,palmar,palmar
palmar_person4_rep04.jsonl,4,15,palmar_person4_rep04,1,1,palmar,palmar
pincer_person3_rep09.jsonl,9,1,pincer_person3_rep09,2,2,pincer,pincer
pincer_person3_rep09.jsonl,9,2,pincer_person3_rep09,2,2,pincer,pincer
pincer_person3_rep09.jsonl,9,3,pincer_person3_rep09,2,2,pincer,pincer
pincer_person3_rep09.jsonl,9,4,pincer_person3_rep09,2,2,pincer,pincer
pincer_person3_rep09.jsonl,9,5,pincer_person3_rep09,2,2,pincer,pincer
pincer_person3_rep09.jsonl,9,6,pincer_person3_rep09,2,2,pincer,pincer
pincer_person3_rep09.jsonl,9,7,pincer_person3_rep09,2,2,pincer,pincer
pincer_person3_rep09.jsonl,9,8,pincer_person3_rep09,2,2,pincer,pincer
pincer_person3_rep09.jsonl,9,9,pincer_person3_rep09,2,2,pincer,pincer
pincer_person3_rep09.jsonl,9,10,pincer_person3_rep09,2,2,pincer,pincer
pincer_person3_rep09.jsonl,9,11,pincer_person3_rep09,2,2,pincer,pincer
pincer_person3_rep09.jsonl,9,12,pincer_person3_rep09,2,2,pincer,pincer
pincer_person3_rep09.jsonl,9,13,pincer_person3_rep09,2,2,pincer,pincer
pincer_person3_rep09.jsonl,9,14,pincer_person3_rep09,2,2,pincer,pincer
pincer_person3_rep09.jsonl,9,15,pincer_person3_rep09,2,2,pincer,pincer
pincer_person3_rep10.jsonl,10,1,pincer_person3_rep10,2,2,pincer,pincer
pincer_person3_rep10.jsonl,10,2,pincer_person3_rep10,2,2,pincer,pincer
pincer_person3_rep10.jsonl,10,3,pincer_person3_rep10,2,2,pincer,pincer
pincer_person3_rep10.jsonl,10,4,pincer_person3_rep10,2,2,pincer,pincer
pincer_person3_rep10.jsonl,10,5,pincer_person3_rep10,2,2,pincer,pincer
pincer_person3_rep10.jsonl,10,6,pincer_person3_rep10,2,2,pincer,pincer
pincer_person3_rep10.jsonl,10,7,pincer_person3_rep10,2,2,pincer,pincer
pincer_person3_rep10.jsonl,10,8,pincer_person3_rep10,2,2,pincer,pincer
pincer_person3_rep10.jsonl,10,9,pincer_person3_rep10,2,2,pincer,pincer
pincer_person3_rep10.jsonl,10,10,pincer_person3_rep10,2,2,pincer,pincer
pincer_person3_rep10.jsonl,10,11,pincer_person3_rep10,2,2,pincer,pincer
pincer_person3_rep10.jsonl,10,12,pincer_person3_rep10,2,2,pincer,pincer
pincer_person3_rep10.jsonl,10,13,pincer_person3_rep10,2,2,pincer,pincer
pincer_person3_rep10.jsonl,10,14,pincer_person3_rep10,2,2,pincer,pincer
pincer_person3_rep10.jsonl,10,15,pincer_person3_rep10,2,2,pincer,pincer
pincer_person4_rep02.jsonl,2,1,pincer_person4_rep02,2,2,pincer,pincer
pincer_person4_rep02.jsonl,2,2,pincer_person4_rep02,2,2,pincer,pincer
pincer_person4_rep02.jsonl,2,3,pincer_person4_rep02,2,2,pincer,pincer
pincer_person4_rep02.jsonl,2,4,pincer_person4_rep02,2,2,pincer,pincer
pincer_person4_rep02.jsonl,2,5,pincer_person4_rep02,2,2,pincer,pincer
pincer_person4_rep02.jsonl,2,6,pincer_person4_rep02,2,2,pincer,pincer
pincer_person4_rep02.jsonl,2,7,pincer_person4_rep02,2,4,pincer,radialpalmar
pincer_person4_rep02.jsonl,2,8,pincer_person4_rep02,2,4,pincer,radialpalmar
pincer_person4_rep02.jsonl,2,9,pincer_person4_rep02,2,2,pincer,pincer
pincer_person4_rep02.jsonl,2,10,pincer_person4_rep02,2,2,pincer,pincer
pincer_person4_rep02.jsonl,2,11,pincer_person4_rep02,2,2,pincer,pincer
pincer_person4_rep02.jsonl,2,12,pincer_person4_rep02,2,2,pincer,pincer
pincer_person4_rep02.jsonl,2,13,pincer_person4_rep02,2,2,pincer,pincer
pincer_person4_rep02.jsonl,2,14,pincer_person4_rep02,2,2,pincer,pincer
pincer_person4_rep02.jsonl,2,15,pincer_person4_rep02,2,2,pincer,pincer
pincer_person4_rep05.jsonl,5,1,pincer_person4_rep05,2,2,pincer,pincer
pincer_person4_rep05.jsonl,5,2,pincer_person4_rep05,2,2,pincer,pincer
pincer_person4_rep05.jsonl,5,3,pincer_person4_rep05,2,2,pincer,pincer
pincer_person4_rep05.jsonl,5,4,pincer_person4_rep05,2,2,pincer,pincer
pincer_person4_rep05.jsonl,5,5,pincer_person4_rep05,2,2,pincer,pincer
pincer_person4_rep05.jsonl,5,6,pincer_person4_rep05,2,2,pincer,pincer
pincer_person4_rep05.jsonl,5,7,pincer_person4_rep05,2,2,pincer,pincer
pincer_person4_rep05.jsonl,5,8,pincer_person4_rep05,2,2,pincer,pincer
pincer_person4_rep05.jsonl,5,9,pincer_person4_rep05,2,2,pincer,pincer
pincer_person4_rep05.jsonl,5,10,pincer_person4_rep05,2,2,pincer,pincer
pincer_person4_rep05.jsonl,5,11,pincer_person4_rep05,2,2,pincer,pincer
pincer_person4_rep05.jsonl,5,12,pincer_person4_rep05,2,2,pincer,pincer
pincer_person4_rep05.jsonl,5,13,pincer_person4_rep05,2,4,pincer,radialpalmar
pincer_person4_rep05.jsonl,5,14,pincer_person4_rep05,2,2,pincer,pincer
pincer_person4_rep05.jsonl,5,15,pincer_person4_rep05,2,2,pincer,pincer
radialdigital_person2_rep01.jsonl,1,1,radialdigital_person2_rep01,3,1,radialdigital,palmar
radialdigital_person2_rep01.jsonl,1,2,radialdigital_person2_rep01,3,0,radialdigital,inferiorpincer
radialdigital_person2_rep01.jsonl,1,3,radialdigital_person2_rep01,3,3,radialdigital,radialdigital
radialdigital_person2_rep01.jsonl,1,4,radialdigital_person2_rep01,3,3,radialdigital,radialdigital
radialdigital_person2_rep01.jsonl,1,5,radialdigital_person2_rep01,3,3,radialdigital,radialdigital
radialdigital_person2_rep01.jsonl,1,6,radialdigital_person2_rep01,3,3,radialdigital,radialdigital
radialdigital_person2_rep01.jsonl,1,7,radialdigital_person2_rep01,3,3,radialdigital,radialdigital
radialdigital_person2_rep01.jsonl,1,8,radialdigital_person2_rep01,3,3,radialdigital,radialdigital
radialdigital_person2_rep01.jsonl,1,9,radialdigital_person2_rep01,3,3,radialdigital,radialdigital
radialdigital_person2_rep01.jsonl,1,10,radialdigital_person2_rep01,3,3,radialdigital,radialdigital
radialdigital_person2_rep01.jsonl,1,11,radialdigital_person2_rep01,3,3,radialdigital,radialdigital
radialdigital_person2_rep01.jsonl,1,12,radialdigital_person2_rep01,3,3,radialdigital,radialdigital
radialdigital_person2_rep01.jsonl,1,13,radialdigital_person2_rep01,3,3,radialdigital,radialdigital
radialdigital_person2_rep01.jsonl,1,14,radialdigital_person2_rep01,3,3,radialdigital,radialdigital
radialdigital_person2_rep01.jsonl,1,15,radialdigital_person2_rep01,3,3,radialdigital,radialdigital
radialdigital_person2_rep03.jsonl,3,1,radialdigital_person2_rep03,3,3,radialdigital,radialdigital
radialdigital_person2_rep03.jsonl,3,2,radialdigital_person2_rep03,3,3,radialdigital,radialdigital
radialdigital_person2_rep03.jsonl,3,3,radialdigital_person2_rep03,3,3,radialdigital,radialdigital
radialdigital_person2_rep03.jsonl,3,4,radialdigital_person2_rep03,3,3,radialdigital,radialdigital
radialdigital_person2_rep03.jsonl,3,5,radialdigital_person2_rep03,3,3,radialdigital,radialdigital
radialdigital_person2_rep03.jsonl,3,6,radialdigital_person2_rep03,3,3,radialdigital,radialdigital
radialdigital_person2_rep03.jsonl,3,7,radialdigital_person2_rep03,3,3,radialdigital,radialdigital
radialdigital_person2_rep03.jsonl,3,8,radialdigital_person2_rep03,3,3,radialdigital,radialdigital
radialdigital_person2_rep03.jsonl,3,9,radialdigital_person2_rep03,3,3,radialdigital,radialdigital
radialdigital_person2_rep03.jsonl,3,10,radialdigital_person2_rep03,3,3,radialdigital,radialdigital
radialdigital_person2_rep03.jsonl,3,11,radialdigital_person2_rep03,3,3,radialdigital,radialdigital
radialdigital_person2_rep03.jsonl,3,12,radialdigital_person2_rep03,3,3,radialdigital,radialdigital
radialdigital_person2_rep03.jsonl,3,13,radialdigital_person2_rep03,3,3,radialdigital,radialdigital
radialdigital_person2_rep03.jsonl,3,14,radialdigital_person2_rep03,3,3,radialdigital,radialdigital
radialdigital_person2_rep03.jsonl,3,15,radialdigital_person2_rep03,3,3,radialdigital,radialdigital
radialdigital_person6_rep12.jsonl,12,1,radialdigital_person6_rep12,3,3,radialdigital,radialdigital
radialdigital_person6_rep12.jsonl,12,2,radialdigital_person6_rep12,3,3,radialdigital,radialdigital
radialdigital_person6_rep12.jsonl,12,3,radialdigital_person6_rep12,3,3,radialdigital,radialdigital
radialdigital_person6_rep12.jsonl,12,4,radialdigital_person6_rep12,3,3,radialdigital,radialdigital
radialdigital_person6_rep12.jsonl,12,5,radialdigital_person6_rep12,3,3,radialdigital,radialdigital
radialdigital_person6_rep12.jsonl,12,6,radialdigital_person6_rep12,3,3,radialdigital,radialdigital
radialdigital_person6_rep12.jsonl,12,7,radialdigital_person6_rep12,3,3,radialdigital,radialdigital
radialdigital_person6_rep12.jsonl,12,8,radialdigital_person6_rep12,3,3,radialdigital,radialdigital
radialdigital_person6_rep12.jsonl,12,9,radialdigital_person6_rep12,3,3,radialdigital,radialdigital
radialdigital_person6_rep12.jsonl,12,10,radialdigital_person6_rep12,3,3,radialdigital,radialdigital
radialdigital_person6_rep12.jsonl,12,11,radialdigital_person6_rep12,3,3,radialdigital,radialdigital
radialdigital_person6_rep12.jsonl,12,12,radialdigital_person6_rep12,3,3,radialdigital,radialdigital
radialdigital_person6_rep12.jsonl,12,13,radialdigital_person6_rep12,3,3,radialdigital,radialdigital
radialdigital_person6_rep12.jsonl,12,14,radialdigital_person6_rep12,3,3,radialdigital,radialdigital
radialdigital_person6_rep12.jsonl,12,15,radialdigital_person6_rep12,3,3,radialdigital,radialdigital
radialdigital_person6_rep14.jsonl,14,1,radialdigital_person6_rep14,3,3,radialdigital,radialdigital
radialdigital_person6_rep14.jsonl,14,2,radialdigital_person6_rep14,3,3,radialdigital,radialdigital
radialdigital_person6_rep14.jsonl,14,3,radialdigital_person6_rep14,3,3,radialdigital,radialdigital
radialdigital_person6_rep14.jsonl,14,4,radialdigital_person6_rep14,3,3,radialdigital,radialdigital
radialdigital_person6_rep14.jsonl,14,5,radialdigital_person6_rep14,3,3,radialdigital,radialdigital
radialdigital_person6_rep14.jsonl,14,6,radialdigital_person6_rep14,3,3,radialdigital,radialdigital
radialdigital_person6_rep14.jsonl,14,7,radialdigital_person6_rep14,3,3,radialdigital,radialdigital
radialdigital_person6_rep14.jsonl,14,8,radialdigital_person6_rep14,3,3,radialdigital,radialdigital
radialdigital_person6_rep14.jsonl,14,9,radialdigital_person6_rep14,3,3,radialdigital,radialdigital
radialdigital_person6_rep14.jsonl,14,10,radialdigital_person6_rep14,3,3,radialdigital,radialdigital
radialdigital_person6_rep14.jsonl,14,11,radialdigital_person6_rep14,3,3,radialdigital,radialdigital
radialdigital_person6_rep14.jsonl,14,12,radialdigital_person6_rep14,3,3,radialdigital,radialdigital
radialdigital_person6_rep14.jsonl,14,13,radialdigital_person6_rep14,3,3,radialdigital,radialdigital
radialdigital_person6_rep14.jsonl,14,14,radialdigital_person6_rep14,3,3,radialdigital,radialdigital
radialdigital_person6_rep14.jsonl,14,15,radialdigital_person6_rep14,3,3,radialdigital,radialdigital
radialpalmar_person3_rep01.jsonl,1,1,radialpalmar_person3_rep01,4,4,radialpalmar,radialpalmar
radialpalmar_person3_rep01.jsonl,1,2,radialpalmar_person3_rep01,4,4,radialpalmar,radialpalmar
radialpalmar_person3_rep01.jsonl,1,3,radialpalmar_person3_rep01,4,4,radialpalmar,radialpalmar
radialpalmar_person3_rep01.jsonl,1,4,radialpalmar_person3_rep01,4,4,radialpalmar,radialpalmar
radialpalmar_person3_rep01.jsonl,1,5,radialpalmar_person3_rep01,4,4,radialpalmar,radialpalmar
radialpalmar_person3_rep01.jsonl,1,6,radialpalmar_person3_rep01,4,4,radialpalmar,radialpalmar
radialpalmar_person3_rep01.jsonl,1,7,radialpalmar_person3_rep01,4,4,radialpalmar,radialpalmar
radialpalmar_person3_rep01.jsonl,1,8,radialpalmar_person3_rep01,4,4,radialpalmar,radialpalmar
radialpalmar_person3_rep01.jsonl,1,9,radialpalmar_person3_rep01,4,4,radialpalmar,radialpalmar
radialpalmar_person3_rep01.jsonl,1,10,radialpalmar_person3_rep01,4,4,radialpalmar,radialpalmar
radialpalmar_person3_rep01.jsonl,1,11,radialpalmar_person3_rep01,4,4,radialpalmar,radialpalmar
radialpalmar_person3_rep01.jsonl,1,12,radialpalmar_person3_rep01,4,4,radialpalmar,radialpalmar
radialpalmar_person3_rep01.jsonl,1,13,radialpalmar_person3_rep01,4,4,radialpalmar,radialpalmar
radialpalmar_person3_rep01.jsonl,1,14,radialpalmar_person3_rep01,4,4,radialpalmar,radialpalmar
radialpalmar_person3_rep01.jsonl,1,15,radialpalmar_person3_rep01,4,4,radialpalmar,radialpalmar
radialpalmar_person3_rep05.jsonl,5,1,radialpalmar_person3_rep05,4,4,radialpalmar,radialpalmar
radialpalmar_person3_rep05.jsonl,5,2,radialpalmar_person3_rep05,4,4,radialpalmar,radialpalmar
radialpalmar_person3_rep05.jsonl,5,3,radialpalmar_person3_rep05,4,4,radialpalmar,radialpalmar
radialpalmar_person3_rep05.jsonl,5,4,radialpalmar_person3_rep05,4,4,radialpalmar,radialpalmar
radialpalmar_person3_rep05.jsonl,5,5,radialpalmar_person3_rep05,4,4,radialpalmar,radialpalmar
radialpalmar_person3_rep05.jsonl,5,6,radialpalmar_person3_rep05,4,4,radialpalmar,radialpalmar
radialpalmar_person3_rep05.jsonl,5,7,radialpalmar_person3_rep05,4,4,radialpalmar,radialpalmar
radialpalmar_person3_rep05.jsonl,5,8,radialpalmar_person3_rep05,4,4,radialpalmar,radialpalmar
radialpalmar_person3_rep05.jsonl,5,9,radialpalmar_person3_rep05,4,4,radialpalmar,radialpalmar
radialpalmar_person3_rep05.jsonl,5,10,radialpalmar_person3_rep05,4,4,radialpalmar,radialpalmar
radialpalmar_person3_rep05.jsonl,5,11,radialpalmar_person3_rep05,4,4,radialpalmar,radialpalmar
radialpalmar_person3_rep05.jsonl,5,12,radialpalmar_person3_rep05,4,4,radialpalmar,radialpalmar
radialpalmar_person3_rep05.jsonl,5,13,radialpalmar_person3_rep05,4,4,radialpalmar,radialpalmar
radialpalmar_person3_rep05.jsonl,5,14,radialpalmar_person3_rep05,4,4,radialpalmar,radialpalmar
radialpalmar_person3_rep05.jsonl,5,15,radialpalmar_person3_rep05,4,4,radialpalmar,radialpalmar
radialpalmar_person3_rep15.jsonl,15,1,radialpalmar_person3_rep15,4,4,radialpalmar,radialpalmar
radialpalmar_person3_rep15.jsonl,15,2,radialpalmar_person3_rep15,4,4,radialpalmar,radialpalmar
radialpalmar_person3_rep15.jsonl,15,3,radialpalmar_person3_rep15,4,4,radialpalmar,radialpalmar
radialpalmar_person3_rep15.jsonl,15,4,radialpalmar_person3_rep15,4,4,radialpalmar,radialpalmar
radialpalmar_person3_rep15.jsonl,15,5,radialpalmar_person3_rep15,4,4,radialpalmar,radialpalmar
radialpalmar_person3_rep15.jsonl,15,6,radialpalmar_person3_rep15,4,4,radialpalmar,radialpalmar
radialpalmar_person3_rep15.jsonl,15,7,radialpalmar_person3_rep15,4,4,radialpalmar,radialpalmar
radialpalmar_person3_rep15.jsonl,15,8,radialpalmar_person3_rep15,4,4,radialpalmar,radialpalmar
radialpalmar_person3_rep15.jsonl,15,9,radialpalmar_person3_rep15,4,4,radialpalmar,radialpalmar
radialpalmar_person3_rep15.jsonl,15,10,radialpalmar_person3_rep15,4,4,radialpalmar,radialpalmar
radialpalmar_person3_rep15.jsonl,15,11,radialpalmar_person3_rep15,4,4,radialpalmar,radialpalmar
radialpalmar_person3_rep15.jsonl,15,12,radialpalmar_person3_rep15,4,4,radialpalmar,radialpalmar
radialpalmar_person3_rep15.jsonl,15,13,radialpalmar_person3_rep15,4,4,radialpalmar,radialpalmar
radialpalmar_person3_rep15.jsonl,15,14,radialpalmar_person3_rep15,4,4,radialpalmar,radialpalmar
radialpalmar_person3_rep15.jsonl,15,15,radialpalmar_person3_rep15,4,4,radialpalmar,radialpalmar
radialpalmar_person6_rep06.jsonl,6,1,radialpalmar_person6_rep06,4,4,radialpalmar,radialpalmar
radialpalmar_person6_rep06.jsonl,6,2,radialpalmar_person6_rep06,4,4,radialpalmar,radialpalmar
radialpalmar_person6_rep06.jsonl,6,3,radialpalmar_person6_rep06,4,4,radialpalmar,radialpalmar
radialpalmar_person6_rep06.jsonl,6,4,radialpalmar_person6_rep06,4,4,radialpalmar,radialpalmar
radialpalmar_person6_rep06.jsonl,6,5,radialpalmar_person6_rep06,4,4,radialpalmar,radialpalmar
radialpalmar_person6_rep06.jsonl,6,6,radialpalmar_person6_rep06,4,4,radialpalmar,radialpalmar
radialpalmar_person6_rep06.jsonl,6,7,radialpalmar_person6_rep06,4,4,radialpalmar,radialpalmar
radialpalmar_person6_rep06.jsonl,6,8,radialpalmar_person6_rep06,4,4,radialpalmar,radialpalmar
radialpalmar_person6_rep06.jsonl,6,9,radialpalmar_person6_rep06,4,4,radialpalmar,radialpalmar
radialpalmar_person6_rep06.jsonl,6,10,radialpalmar_person6_rep06,4,4,radialpalmar,radialpalmar
radialpalmar_person6_rep06.jsonl,6,11,radialpalmar_person6_rep06,4,4,radialpalmar,radialpalmar
radialpalmar_person6_rep06.jsonl,6,12,radialpalmar_person6_rep06,4,4,radialpalmar,radialpalmar
radialpalmar_person6_rep06.jsonl,6,13,radialpalmar_person6_rep06,4,4,radialpalmar,radialpalmar
radialpalmar_person6_rep06.jsonl,6,14,radialpalmar_person6_rep06,4,4,radialpalmar,radialpalmar
radialpalmar_person6_rep06.jsonl,6,15,radialpalmar_person6_rep06,4,4,radialpalmar,radialpalmar
rake_person3_rep10.jsonl,10,1,rake_person3_rep10,5,5,rake,rake
rake_person3_rep10.jsonl,10,2,rake_person3_rep10,5,5,rake,rake
rake_person3_rep10.jsonl,10,3,rake_person3_rep10,5,5,rake,rake
rake_person3_rep10.jsonl,10,4,rake_person3_rep10,5,5,rake,rake
rake_person3_rep10.jsonl,10,5,rake_person3_rep10,5,5,rake,rake
rake_person3_rep10.jsonl,10,6,rake_person3_rep10,5,5,rake,rake
rake_person3_rep10.jsonl,10,7,rake_person3_rep10,5,5,rake,rake
rake_person3_rep10.jsonl,10,8,rake_person3_rep10,5,5,rake,rake
rake_person3_rep10.jsonl,10,9,rake_person3_rep10,5,5,rake,rake
rake_person3_rep10.jsonl,10,10,rake_person3_rep10,5,5,rake,rake
rake_person3_rep10.jsonl,10,11,rake_person3_rep10,5,5,rake,rake
rake_person3_rep10.jsonl,10,12,rake_person3_rep10,5,5,rake,rake
rake_person3_rep10.jsonl,10,13,rake_person3_rep10,5,5,rake,rake
rake_person3_rep10.jsonl,10,14,rake_person3_rep10,5,5,rake,rake
rake_person3_rep10.jsonl,10,15,rake_person3_rep10,5,5,rake,rake
rake_person3_rep12.jsonl,12,1,rake_person3_rep12,5,5,rake,rake
rake_person3_rep12.jsonl,12,2,rake_person3_rep12,5,5,rake,rake
rake_person3_rep12.jsonl,12,3,rake_person3_rep12,5,5,rake,rake
rake_person3_rep12.jsonl,12,4,rake_person3_rep12,5,5,rake,rake
rake_person3_rep12.jsonl,12,5,rake_person3_rep12,5,5,rake,rake
rake_person3_rep12.jsonl,12,6,rake_person3_rep12,5,5,rake,rake
rake_person3_rep12.jsonl,12,7,rake_person3_rep12,5,5,rake,rake
rake_person3_rep12.jsonl,12,8,rake_person3_rep12,5,5,rake,rake
rake_person3_rep12.jsonl,12,9,rake_person3_rep12,5,5,rake,rake
rake_person3_rep12.jsonl,12,10,rake_person3_rep12,5,5,rake,rake
rake_person3_rep12.jsonl,12,11,rake_person3_rep12,5,5,rake,rake
rake_person3_rep12.jsonl,12,12,rake_person3_rep12,5,5,rake,rake
rake_person3_rep12.jsonl,12,13,rake_person3_rep12,5,5,rake,rake
rake_person3_rep12.jsonl,12,14,rake_person3_rep12,5,5,rake,rake
rake_person3_rep12.jsonl,12,15,rake_person3_rep12,5,5,rake,rake
rake_person3_rep14.jsonl,14,1,rake_person3_rep14,5,5,rake,rake
rake_person3_rep14.jsonl,14,2,rake_person3_rep14,5,5,rake,rake
rake_person3_rep14.jsonl,14,3,rake_person3_rep14,5,5,rake,rake
rake_person3_rep14.jsonl,14,4,rake_person3_rep14,5,5,rake,rake
rake_person3_rep14.jsonl,14,5,rake_person3_rep14,5,5,rake,rake
rake_person3_rep14.jsonl,14,6,rake_person3_rep14,5,5,rake,rake
rake_person3_rep14.jsonl,14,7,rake_person3_rep14,5,5,rake,rake
rake_person3_rep14.jsonl,14,8,rake_person3_rep14,5,5,rake,rake
rake_person3_rep14.jsonl,14,9,rake_person3_rep14,5,5,rake,rake
rake_person3_rep14.jsonl,14,10,rake_person3_rep14,5,5,rake,rake
rake_person3_rep14.jsonl,14,11,rake_person3_rep14,5,5,rake,rake
rake_person3_rep14.jsonl,14,12,rake_person3_rep14,5,5,rake,rake
rake_person3_rep14.jsonl,14,13,rake_person3_rep14,5,5,rake,rake
rake_person3_rep14.jsonl,14,14,rake_person3_rep14,5,5,rake,rake
rake_person3_rep14.jsonl,14,15,rake_person3_rep14,5,5,rake,rake
rake_person3_rep15.jsonl,15,1,rake_person3_rep15,5,5,rake,rake
rake_person3_rep15.jsonl,15,2,rake_person3_rep15,5,5,rake,rake
rake_person3_rep15.jsonl,15,3,rake_person3_rep15,5,5,rake,rake
rake_person3_rep15.jsonl,15,4,rake_person3_rep15,5,5,rake,rake
rake_person3_rep15.jsonl,15,5,rake_person3_rep15,5,5,rake,rake
rake_person3_rep15.jsonl,15,6,rake_person3_rep15,5,5,rake,rake
rake_person3_rep15.jsonl,15,7,rake_person3_rep15,5,5,rake,rake
rake_person3_rep15.jsonl,15,8,rake_person3_rep15,5,5,rake,rake
rake_person3_rep15.jsonl,15,9,rake_person3_rep15,5,5,rake,rake
rake_person3_rep15.jsonl,15,10,rake_person3_rep15,5,5,rake,rake
rake_person3_rep15.jsonl,15,11,rake_person3_rep15,5,5,rake,rake
rake_person3_rep15.jsonl,15,12,rake_person3_rep15,5,5,rake,rake
rake_person3_rep15.jsonl,15,13,rake_person3_rep15,5,5,rake,rake
rake_person3_rep15.jsonl,15,14,rake_person3_rep15,5,5,rake,rake
rake_person3_rep15.jsonl,15,15,rake_person3_rep15,5,5,rake,rake
